{"cameraMode":{"drawMode":0,"name":"Shaded","section":"Shading Mode"},"sceneLighting":false,"audioPlay":false,"sceneViewState":{"m_AlwaysRefresh":false,"showFog":true,"showSkybox":false,"showFlares":true,"showImageEffects":true,"showParticleSystems":true,"showVisualEffectGraphs":true,"m_FxEnabled":true},"in2DMode":false,"pivot":{"x":-2.2525548934936525,"y":15.161568641662598,"z":-14.895859718322754},"rotation":{"x":-0.17166608572006226,"y":0.05670744553208351,"z":-0.00990103930234909,"w":-0.9834782481193543},"size":1.085291862487793,"orthographic":false}