{"cameraMode":{"drawMode":0,"name":"Shaded","section":"Shading Mode"},"sceneLighting":false,"audioPlay":false,"sceneViewState":{"m_AlwaysRefresh":false,"showFog":true,"showSkybox":false,"showFlares":true,"showImageEffects":true,"showParticleSystems":true,"showVisualEffectGraphs":true,"m_FxEnabled":true},"in2DMode":false,"pivot":{"x":-0.00010084559471579269,"y":0.18852277100086213,"z":-0.11583299189805985},"rotation":{"x":-0.2971539795398712,"y":0.27194395661354067,"z":-0.08870551735162735,"w":-0.9109806418418884},"size":2.7435975074768068,"orthographic":false}